client_id,client_name
49109,Schlumberger
49097,FLEET MANAGEMENT INDIA PRIVATE LIMITED
36862,NIIT LTD.
52002,PolicyBazaar
25902,Zomato
56323,Cleartrip Packages & Tours Private Limited
53148,KiranaKart Technologies Private Limited
54782,L&T FINANCE HOLDINGS LIMITED
54966,Anheuser Busch Inbev India Limited
55909,INTERNATIONAL TRAVEL HOUSE LTD
55478,Motherson
57144,LOREAL INDIA PRIVATE LIMITED
55892,TI CLEAN MOBILITY PRIVATE LIMITED
45855,Britannia
57385,KOTAK BANK
50231,Cars24
52169,ONE97 COMMUNICATIONS LIMITED
57116,Omaxe
57963,KINGS XI
49689,Livpure
57283,Comviva Technologies Ltd.
49698,Ujjivan Small Finance Bank
55574,Network18
1582,Titan Company Limited
54097,KIRLOSKAR BROTHER LTD
56038,EMCURE PHARMACEUTICALS
47276,Aakash Educational Services
48833,Azure Power India Pvt Ltd
52593,Pnb Housing
54457,SOLV growth simplified
57249,TECH UNIAPPS (INDIA) SERVICES PRIVATE LIMITED
50859,INTERGLOBE AVIATION LIMITED(INDIGO)
57301,OCM Private Limited
53424,SOLVY TECH SOLUTIONS PVT LTD
49871,Samsung India Electronics Pvt. Ltd.
55941,Big Basket Innovative Retail Concepts
56184,Vertiv Energy
53595,K12 Techno
56019,Realme
51750,Urban Company
56775,Bandhan Bank Limited
56456,ASTRAL LIMITED
56543,Abbott India Limited - MICE
28300,CUSHMAN & WAKEFIELD
55927,REBEL FOODS PRIVATE LIMITED
53838,SK FINANCE LIMITED
70,Max Life Insurance
55858,Physicswallah private limited
50268,SpiceJet LTD
49214,Parag Milk Foods
56409,KOHLER® India Corporation Pvt. Ltd
54961,Cholamandalam Finance
57842,BDR PHARMACEUTICALS
57358,DHANUKA AGRITECH LIMITED
56648,Jyothy Labs
56510,TATA PROJECTS
51018,L&T HYDROCARBON ENGINEERING LIMITED
53460,Tata Starbucks Pvt. Ltd
51528,LEAP FINANCE
58001,PATANJALI FOODS LIMITED
49265,Ntex Transportation Services Pvt. Ltd.
21,Delhivery
52959,THALES INDIA PRIVATE LIMITED
53090,Brakes India pvt ltd
56554,TUV SUD SOUTH ASIA PRIVATE LIMITED
49829,Spinny
51333,TATA CONSUMER PRODUCTS LIMITED
34947,Micro Labs Ltd
53766,Hella Infra Market Pvt Ltd
4668,QualityKiosk Technologies Pvt Ltd
53095,Bureau Veritas India Pvt. Ltd
53902,Suguna foods private limited
56813,G M MODULAR PVT LTD
55787,Freeway Entertainment Company Pvt Ltd
56236,LIVGUARD
55946,NESTLE INDIA LIMITED (West)
51569,INFO EDGE (INDIA) LIMITED
19507,OTTO CLOTHING PVT LTD
56410,CLIX CAPITAL SERVICES PRIVATE LIMITED
49199,FCM Travel Solution
56657,Highradius Hyderbad
56793,PERNOD RICARD INDIA PRIVATE LIMITED
50131,OFB Tech
57377,Network18 MICE Roshan
56361,MAHANAGAR GAS LIMITED
50968,CSR Global
57058,DORF-KETAL CHEMICALS INDIA PRIVATE LIMITED
48501,MMS MARITIME (INDIA) PRIVATE LIMITED
55855,CARE HEALTH INSURANCE Ltd
54620,Ki Mobility Solutions
57015,ACTION CONSTRUCTION EQUIPMENT LIMITED(HARYANA)
56804,Meril Life Sciences Private Limited
50865,HARDCASTLE RESTAURANTS PVT LTD
54207,India Shelter Finance Corporation Limited
41259,Indian Oil Corporation Limited
55410,OKAYA POWER PRIVATE LIMITED
56045,Riya Travels
57002,GAMECHANGE SOLAR SERVICES INDIA PRIVATE LIMITED
53659,Sterling and Wilson
57145,Shalimar paints Limited
55438,Cars24 Financial Services Pvt Ltd
56248,Realme Mobile Telecommunications (India) Private Limited- MICE
53357,ALEMBIC PHARMACEUTICALS LIMITED
52197,DARWINBOX DIGITAL SOLUTIONS PRIVATE LIMITED
46346,eMudhra
56952,Air Liquide
55824,VARTHANA FINANCE PRIVATE LIMITED
18648,CTRLS
55708,Incred Finance
56948,Mahindra & Mahindra
57342,WIPRO PARI PRIVATE LIMITED
11208,Greenply Industries Limited
29472,Rubrik India Private Limited
56580,AVAADA ENERGY PRIVATE LIMITED
53565,DMI Finance Private Limited
57664,Hindware Limited MICE
50064,CRESTRON SOFTWARE DEVELOPMENT INDIA PRIVATE
56896,IDEAFORGE TECHNOLOGY LTD
55095,Adani
55450,LENDINGKART FINANCE LIMITED
58021,INDIAN IMMUNOLOGICALS LTD
56909,TMF SERVICES INDIA PRIVATE LIMITED
56593,Sewells Group India Pvt Ltd
57502,Donear Industried Ltd
51617,Radisys India Pvt. Ltd.
56508,GEMINI SOLUTIONS PRIVATE LIMITED
25551,DNA Entertainment Networks PVT LTD
46207,Ample
49716,OMEGA HEALTHCARE MANAGEMENT SERVICES
49951,Skipper Limited
50171,CARRIER AIRCONDITIONING & REFRIGERATION LIMITED
51594,TRUECALLER INTERNATIONAL LLP
53174,CredAvenue
56193,Lava International Ltd
49101,Egis India Consulting Engineers Pvt. Ltd.
36835,YASKAWA India Private Limited
42052,Devyani International
33139,Mazagon Dock Shipbuilders Limited
57887,M/S VISHAL MOTORS
56394,Uno Minda Limited MICE
57009,Talented Webco Pvt ltd
54438,VESTIGE MARKETING PRIVATE LIMITED
56605,DEZERV INVESTMENTS PRIVATE LIMITED
52256,Economic Times
55282,safexpress
21246,BVG INDIA LTD
56449,Viraj Profiles Private Limited
48998,RADIANT HITECH ENG. PVT. LTD.
57076,Saint Gobain India - Glass/Weber
22289,Dr Agarwal's Health Care LTD
56213,Trip Bro Vacations
20656,Thyssenkrupp Industries India Pvt. Ltd.
56900,HIndware Limited
57398,Heavenly Secrets Pvt Ltd
55494,Green Mint Holidays
57673,BOTLAB DYNAMICS PRIVATE LIMITED
55486,CARIOT AUTO PRIVATE LIMITED
57415,CHITKARA EDUCATIONAL TRUST
47585,Mehta Cad Cam Systems pvt ltd
57936,Honasa Consumer Limited ( MICE )
22775,Matrimony.com
53289,Vedantu
57648,Juspay
56086,NATIONAL PAYMENTS CORPORATION OF INDIA
55281,Piramal Realty
56363,Dineshchandra r. agrawal
54462,M S N LABORATORIES PRIVATE LIMITED
56268,Pine Labs Limited
22068,MAHINDRA RURAL HOUSING FINANCE LIMITED
57588,VVDN TECHNOLOGIES PRIVATE LIMITED
57607,TITAGARH RAIL SYSTEMS LIMITED
57120,BANKAI INFOTECH LIMITED
49576,MAHINDRA HOLIDAYS AND RESORTS INDIA LIMITED
55276,"FIRST AMERICAN (INDIA) PRIVATE LIMITED, Bangalore"
51417,Kaya limited
56962,Fusion Finance
55299,APPAREL GATEWAY CAFE INDIA PRIVATE LIMITED
49860,BenQ
55598,Lindstrom Services India Private Limited
45023,Turner Project Management India Pvt. Ltd.
55427,XpressBees
56147,HERO FUTURE ENERGIES PRIVATE LIMITED
56480,COURSE5 INTELLIGENCE LIMITED
57158,Assa Abloy
53266,Ebco Private Limited
56120,Sharekhan Limited
56380,FYND
48995,Homag India Private Limited
57460,StarTek Inc
49974,Mantra Softech Pvt Ltd
50930,AMNEX INFOTECHNOLOGIES PVT LTD
52356,Blinkit India Pvt Ltd
55527,NETRADYNE TECHNOLOGY INDIA PRIVATE LIMITED
57186,Wasteland Entertainment Private Limited
56812,Sutherland Global Services Private Limited
56516,KNAUF CEILING SOLUTIONS (INDIA) PRIVATE LIMITED
57234,Smartworks India
53349,Bigfoot Retail Solutions Pvt. Ltd
56743,Kfin Technologies Limited Hyd
57962,HO trainings- Satin Credit Care
52643,Reliance Nippon Life Insurance
57624,A-ONE STEELS INDIA LIMITED
57085,Sammaan Capital Limited
57306,FIRSTMERIDIAN BUSINESS SERVICES LIMITED
54925,IIFL HOME FIANANCE LTD
53459,ESS KAY BEAUTY RESOURCES PRIVATE LIMITED
4048,Msys technologies Pvt Ltd
58076,KOITECH PRIVATE LIMITED
24247,Mindgate Solutions Private limited
51411,Shiv Nadar Trust
53303,NIVA BUPA HEALTH INSURANCE COMPANY LTD
52117,Nilkamal
56240,Valueleaf Services India Pvt Ltd
18748,Maccaferri Environmental Solutions Private Limited
57859,GODREJ CONSUMER PRODUCTS LTD (mice)
57224,Projects India MICE pvt. ltd
56640,India Today Group
54023,SMARTSHIFT LOGISTICS SOLUTIONS PRIVATE LIMITED
56074,Moneyview Solutions Private Limited
53120,Jindal Infra Ltd.
56470,Wow! Momo
53075,IRIS REGTECH SOLUTIONS LIMITED
32,Ernst & Young LLP
56412,Universal Sportsbiz Pvt. Ltd.
58063,CALCUTTA TUBE CENTRE PRIVATE LIMITED
52768,Zetwerk
56757,H G Infrastructure
55435,Religare Broking Limited
57244,SIMPLEENERGY PRIVATE LIMITED
55636,AROHAN SERVICES PRIVATE LIMITED
50139,Akumentis Healthcare Limited
52746,Protiviti
24867,Fintech Blue Solutions Private Limited
56215,JK TYRE INDUSTRIES LIMITED
57394,Hetero Drugs Limited
116,HCL
51675,Aditya Birla Health Insurance Co.Ltd.
52540,ALTIMETRIK INDIA PRIVATE LIMITED
56975,USDC PROJECTS INDIA PRIVATE LTD
52715,ACTOSERBA ACTIVE WHOLESALE PRIVATE LIMITED 1
53471,JM Financial
55599,PHARMARACK TECHNOLOGIES PVT LTD
57233,Maruti Suzuki
55567,WELSPUN INDIA LTD-MUMBAI-MAHARASHTRA
56581,Prama Hikvision
56059,Inspira Enterprise India Limited
55399,IDEMIA SYSCOM INDIA PRIVATE LIMITED
55162,SEVEN SCREEN STUDIO
57333,OPEN NETWORK FOR DIGITAL COMMERCE 2
20886,Air travel bureau Ltd.
53077,POONAWALLA HOUSING FINANCE LIMITED
56095,Big Basket SUPERMARKET GROCERY SUPPLIES
56276,RAPID GLOBAL BUSINESS SOLUTIONS INDIA PRIVATE
51140,Burger King India Limited
30027,Samunnati Agro Solutions(P) ltd
56921,SP Cinemas
56740,COMPUTER AGE MANAGEMENT SERVICE LIMITED
56721,Religare Broking Limited - MICE
55621,MBOOK TECHNOLOGY PRIVATE LIMITED
19631,EFS Facilities Services India Pvt. Ltd.
54498,ROYAL SUNDARAM GENERAL INSURANCE CO. LIMITED
42418,SHRIRAM GENERAL INSURANCE COMPANY LIMITED
55655,Vegrow- CHIFU AGRITECH PRIVATE LIMITED
10460,Ascend Telecom Infrastructure Private Limited
52612,Cofco International
57462,Richa Bhalla
56056,RAAJKAMAL FILMS INTERNATIONAL..
57100,LECTRIX EV PRIVATE LIMITED
57828,Apollo Paints Pvt Ltd.
450,B9 Beverages
54192,Simpliwork
50890,RITES LIMITED
55867,Aurigene Oncology
56722,HANPER LIFTS
54021,TVS AUTOMOBILE SOLUTIONS PRIVATE LIMITED
58047,KRAFT HEINZ
55079,Grasim Industries Paints
57903,Trilegal.
57368,PLASSER INDIA PRIVATE LIMITED.
4760,Cygnet infotech Private Limited
25046,HDB Financial Services
53197,Tecnimont Private Limited
55910,ACG Associated Capsules Pvt Ltd
51671,MARKS AND SPENCER RELIANCE INDIA PVT LTD
56310,INKODOP TECHNOLOGIES PVT LTD
56366,Xpheno
56826,NUZIVEEDU SEEDS LIMITED
57955,Bharti AXA Life Insurance
52108,EDS Technologies Pvt. Ltd
54929,INDINFRAVIT TRUST
54696,R R KABEL LIMITED
30435,ADGlobal360 India Private Limited
53954,SKIL Travels
57325,OPEN NETWORK FOR DIGITAL COMMERCE
57213,Ivy Mobility Solutions Private Limited
56101,Berrys Essentials
54333,HIND MUSAFIR AGENCY LIMITED
56493,NIRMALA TEX
57406,Rozana Rural Commerce Private Limited
55480,AECC INDIA PVT LTD
8646,Hafele
51264,Genus Power Infrastructures Ltd.
39467,Fourth Partner Energy
24672,TCNS Clothing
55408,WINGREENS FARMS PRIVATE LIMITED
54301,Keyence India Pvt Ltd
56097,Gilpin Tours and Travel Mgt. (I) Pvt. Ltd.
57481,PHILLIPCAPITAL (INDIA) PRIVATE LIMITED
55898,Rivaara Labs
36148,ABS India Net
55230,SAINT GOBAIN INDIA PVT LIMITED
57366,PELORUS TECHNOLOGIES PVT LTD
57417,PEOPLE INTERACTIVE PVT LTD
57807,M/S TOYO INK INDIA PVT. LTD.
56450,EVOLVE EVENTS
52086,freecharge payment
1419,Irage Broking servies LLP
56376,Cash Karo- MICE
57235,LOTUS CHOCOLATE COMPANY
56505,Aye Finance
50315,Rupeek Gold Loans
52218,Sharekhan Ltd
57104,Escorts Kubota
55109,Finova
56478,Emami Ltd
57010,Security and Intelligence Services (India) Ltd
55203,Movate Technologies Private Limited
24837,Difacto Robotics and Automation Pvt. Ltd.
18713,Technicolor India
56957,Garden Silk Mills Private Ltd
53841,Vmart Retail Limited
55784,Protium
56630,COROB INDIA
56618,ShriRam Pistons & Rings Ltd
57953,M/S Balrampur Chini Mills Ltd
56685,Entero Healthcare Solutions Ltd
4419,Mitsubishi Elevators
46509,Reliance Vision Express Pvt Ltd
56870,Moder Solutions India Private Limited
53939,GO DIGIT GENERAL INSURANCE LIMITED.
37463,Affine Analytics Pvt Ltd
55250,ECLERX SERVICES LIMITED
56791,Anand Rathi
35695,NIPPON KOEI INDIA PRIVATE LIMITED
57715,Metropolis health care
58004,OMNICOM MEDIA GROUP INDIA PRIVATE LIMITED
54166,Larsen & Toubro Ltd.
55063,CONSULTING ENGINEERS GROUP LTD
57391,DEFMACRO SOFTWARE PRIVATE LIMITED
47657,ValueMomentum Software Service Pvt Ltd
55467,Jindal stainless steelway
58101,GREEN AGREVOLUTION PRIVATE LIMITED
43976,BRAINBEES SOLUTIONS PRIVATE LIMITED(TA)
55209,Dabur
57212,PATEL INFRASTRUCTURE LIMITED
58045,TECH MAHINDRA LIMITED MICE
52553,Finnovation
53777,AurionPro Solutions
56057,HyFun Foods
55984,CK BIRLA HEALTHCARE PRIVATE LIMITED
56934,Iopex Technologies Pvt Ltd.
54522,Davinta
54687,REDCLIFFE LIFETECH PRIVATE LIMITED
56666,REFEX INDUSTRIES LIMITED
54459,Fangs Technology pvt ltd
27060,Parle Agro Private limited
55499,FLYERSTAYS PRIVATE LIMITED
24592,Accolite PVT LTD
56407,PROPEL INDUSTRIES PRIVATE LIMITED
57965,SoftwareOne India Private Limited
57467,SAR TRANSPORT SYSTEMS PRIVATE LIMITED
57222,MAY 6 ENTERTAINMENT FACTORY LLP
57266,GOLDMEDAL ELECTRICALS PRIVATE LIMITED
56664,Phillips Carbon Black Ltd
56756,CAMLIN FINE SCIENCES
57896,SUPRAJIT ENGINEERING LIMITED
56612,SCIMPLIF
52331,EPL Limited
28186,MINISO
57159,Writer business services
54823,Kewal Kiran (K-lounge)
57092,C - EDGE TECHNOLOGIES LIMITED
52737,IGT Solutions Pvt. Ltd.
57311,INDIEJEWEL FASHIONS PRIVATE LIMITED
57034,SIMPOLO VITRIFIED PRIVATE LIMITED
57471,FINOLEX CABLES LIMITED
56623,ASSOCHAM Foundation for Corporate Social Responsibility
54660,ALTIGREEN PROPULSION LABS PRIVATE LIMITED
55253,LIC OF INDIA
57888,Hi Media Labs pvt ltd
57403,SCHWING STETTER (INDIA) PRIVATE LIMITED
57989,PRIMETALS TECHNOLOGIES INDIA PRIVATE LIMITED
55850,NESTLE INDIA LIMITED
53611,Larsen&Turbo Construction
53273,VISHVARAJ ENVIRONMENT PRIVATE LIMITED
53086,QUBE CINEMA TECHNOLOGIES PRIVATE LIMITED
38117,Religare Finvest Ltd
53076,ALTERIA CAPITAL ADVISORS LLP
57647,COMFORT GRID TECHNOLOGIES PRIVATE LIMITED
25781,Motilal Oswal Financial Services Ltd.
57272,METIS EDUVENTURES PRIVATE LIMITED
57572,RIVULIS IRRIGATION INDIA PRIVATE LIMITED
54674,BAJAJ CAPITAL INSURANCE BROKING LIMITED
56003,PEOPLE INTERACTIVE I PRIVATE LIMITED
51014,SHIMIZU CORPORATION INDIA PRIVATE LIMITED
56737,Syntel Telecom
55072,Bajaj Allianz Life Insurance Company Limited
57102,Sintex Industries Ltd.
55298,Quinnox Consultancy Service Limited
56999,Ashapura Industries Ltd
37735,Arohan Financial Financial Services
56682,Fortis Hospitals Limited
52298,Extramarks Education Pvt ltd
55642,Trinity world
52955,CSC E GOVERNANCE SERVICES INDIA LIMITED
53604,shalimar paints
55955,ATOMBERG TECHNOLOGIES PRIVATE LIMITED.
56492,Polestar.
56291,OMAXE LIMITED
54556,Mahindra Defence Systems
53019,RAFFINATO TOURS AND TRAVELS
50141,Microtek international Private Limited
49338,Aditya Birla Fashion and Retail Limited
40049,Aditya Birla Sun Life Insurance Company Ltd.
56919,BANDHAN LIFE INSURANCE LIMITED
56935,Aakar Exhibition Pvt Ltd
54761,BHARAT FINANCIAL INCLUSION LIMITED.
49743,Indian School of Business
56987,WiproPARI
57856,SUGUNA INDUSTRIES
57708,TKIL INDUSTRIES PRIVATE LIMITED
55424,Centum Learning
57945,ABBOTT DIAGNOSTICS MEDICAL PVT. LTD
49239,JBM Auto Ltd
53009,Utkarsh Small Finance Bank Limited
53858,FUSION HEALTH CARE PRIVATE LIMITED.
56263,CR3 (INDIA) Private Limited
55582,6d Technologies
10506,Rexel India
57919,NUTRICORP AGRI PRIVATE LIMITED
57672,Pinnacle Industries Limited
56377,MACHINEMAZE INTEGRATION SERVICES PRIVATE LIMITED
30531,Mastek Ltd
46190,MAHINDRA SUSTEN PRIVATE LIMITED
51789,BAHWAN CYBERTEK PVT LIMITED
56892,TATA AIA LIFE INSURANCE COMPANY LIMITED
618,Tavant technologies India Pvt Ltd
57268,Control Print Limited
40182,RenewBuy
54876,Pinaka Aerospace
10745,Xoriant Solutions Pvt Ltd
55015,AIR INDIA EXPRESS LIMITED
46540,BSE Limited
57050,Milky Mist Dairy - SBT ( Sales & Marketing )
55667,Sugar Cosmetics
52076,PI INDUSTRIES LIMITED
57423,ABFRL
56099,PLANTIX AGRITECH
56145,Religare Housing Development Finance Corporation Limited
51541,Ravago
45076,Olectra Greentech limited
56602,Remitx
55894,SPORTA TECHNOLOGIES PRIVATE LIMITED
55409,EASY CONNECT TRAVEL PRIVATE LIMITED
53487,TC Tours Limited
57069,ICT ACADEMY OF TAMILNADU
55986,Manodhira Tourism
49581,Avuri Inc
54003,GSPANN TECHNOLOGIES (INDIA) PRIVATE LIMITED
55518,AU Small Finance Bank Ltd
32248,Jash Engineering Ltd.
56614,HAVMOR ICE CREAM PRIVATE LIMITED
25646,Sify Technologies
55834,Akums Drugs & Pharmaceuticals Limited
54873,REPOSE MATTRESS PRIVATE LIMITED
53572,"APOLLO HEALTHCO LIMITED,"
55446,MACROTECH DEVELOPERS LIMITED
57121,AQUARIUS ENGINEERS PRIVATE LIMITED
55780,flemingo duty free
36896,EXL
51503,Akbar Travels Hyderabad
55803,Indian Railways
38330,McNROE CONSUMER PRODUCTS PVT LTD
51669,Great Lakes E Learning Services Pvt. Ltd.
56888,RENEE COSMETICS PRIVATE LIMITED.
21475,Balmer Lawrie
52691,Book my show
53546,SNAPDEAL LIMITED
55794,K Raheja Corporate Services Private Limited
56026,LIGHT MICROFINANCE PRIVATE LIMITED
54819,TRIVITRON HEALTHCARE PRIVATE LIMITED
53117,UDAN MEDIA AND COMMUNICATIONS PRIVATE LIMITED
51815,Niranjan
55863,CACTUS COMMUNICATIONS PVT LTD
55603,THB: Technology | Healthcare | Big Data Analytics
55418,Tripprocess pvt ltd
54181,DotPe
50997,JUMBOTAIL TECHNOLOGIES
54707,Tata Advanced Systems Ltd Noida
57567,Masters Union
54758,Think & Learn Pvt Ltd
41484,CMS IT SERVICES PVT LTD
53492,ZENOTI INDIA PRIVATE LIMITED
56033,ICICI PRUDENTIAL ASSET MANAGEMENT COMPANY LIMITED
57246,Fabhotel IS
55987,Battery Smart
46307,kumaran travels
42079,AQUATECH SYSTEMS (ASIA) PRIVATE LIMITED
53739,Wurth Electronics Services India Pvt Limited
55366,GLOBUS SPIRITS LIMITED
54668,MEDI ASSIST INSURANCE TPA PVT. LTD>
53632,"Honeywell Automation India Limited,"
54223,Orange Health
48584,Anglo-Eastern Ship Management (India) Private Limited
24990,Prince Pipes And Fittings Limited
47295,B2B Hospitality Pvt Ltd
53516,PAYTM PAYMENTS SERVICES LIMITED
51776,Healthium Medtech Limited
53496,MRF limited..
54856,NAVI TECHNOLOGIES LIMITED
56514,ATOMBERG TECHNOLOGIES PVT LTD
56503,Sunsure Energy Pvt Ltd
56749,Entod Pharma
57259,J M CAPITAL MANAGEMENT PVT LTD
56814,Sabari Distribution Private Limited
53067,SATIN FINSERV LIMITED
55003,Slice
56161,Hyperverge
52975,Ernst and Young LLP
51911,Mahindra Rural Housing Finance Limited.
57293,Inventronics Global
54555,GTPL HATHWAY PRIVATE LIMITED
55342,ABEC EXHIBITIONS & CONFERENCES PRIVATE LIMITED
42008,BIOSTADT INDIA LIMITED
55243,Mitsubishi Power India Private Limited
53627,WALSONS SERVICES PRIVATE LIMITED
50775,E INFOCHIPS PRIVATE LIMITED
57777,ACCENTIV INDIA PRIVATE LIMITED
55697,STONE BENCH PVT LTD
49780,VIS Networks
54743,HDFC Life
54963,CAMPUS ACTIVEWEAR LIMITED
51849,R S P L Limited
49263,TRANSFORMERS AND RECTIFIRES INDIA LTD
57107,Knauf India Private Limited
49323,Kataria automobile Pvt Ltd
51263,BEWAKOOF BRANDS PRIVATE LIMITED
55991,Datamatics Pvt Ltd
50672,SRL Limited
56772,VISHAKHA POLYFAB PVT.LTD
55949,PRAMERICA LIFE INSURANCE LIMITED
56047,CENTRIENT PHARMACEUTICALS INDIA PRIVATE LIMITED
54786,Precision Infomatic (M) Pvt. Ltd
53593,Dilip Buildcon Limited
39859,Quick Heal Technologies Limited
56326,Network 18
56872,MGM HEALTH CARE PRIVATE LIMITED
56025,Lumax Tours & Trvael Ltd.
51469,Barentz India Private Limited
57194,ZELIOT CONNECTED SERVICES PRIVATE LIMITED
51753,Toshiba Johnson Elevators India
56530,Hodek Vibration Technologies Private Limited
57895,Sumitomo Corporation India Private Limited
53348,IndusInd Bank Ltd.
56760,Birla Elevators Limited
20161,MTR Foods Pvt Ltd
51935,Soch
50814,samsara shipping
55456,Jubilant food
56428,CARDIOAXIS CORPORATION PRIVATE LIMITED
55161,VARROC ENGINEERING LTD
56825,Rushil Decor Ltd
3993,Jay Chemical Industeries Limited
56386,KOTAK MAHINDRA LIFE INSURANCE COMPANY LIMITED
55983,Kamdhenu Limited__
56992,Albert David Ltd
57990,NOMURA RESEARCH INST. FINANCIAL TECHNO INDIA P LTD
56901,Neosoft technology
54724,Sheenlac Paints
52894,HTC Global
54862,Mera med ajuba
53288,RJ Corp Limited
55617,JINDAL STAINLESS LIMITED
57944,PhysicsWallah
56842,CLOUD FACILITIES MANAGEMENT SERVICES
51396,ManipalCigna Health Insurance Company Ltd
51926,Dalmia Bharat Limited
26377,TAFE
28214,Travel Sync Global Accommodations
45916,LINGDAO MOBILES INDIA PRIVATE LIMITED
56452,Yes Bank Ltd.
55102,INDIAN PRODUCTS PRIVATE LIMITED
58146,Akums Pharma
53286,MINDTICKLE INTERACTIVE MEDIA PRIVATE LIMITED
43541,mobile programming
55680,CT PACK AND AUTOMATION
22492,Cleanmax India Pvt Ltd
55110,Accel India
52386,Dealskart Online Service Private Limited
32263,Satin creditcare network limited
54081,Century Plyboards India Pvt ltd
56867,MILKY MIST DAIRY FOOD PRIVATE LIMITED
54708,NIBAV LIFTS PRIVATE LIMITED
57524,BLUE STAR ENGINEERING & ELECTRONICS
56175,Blue Drop Films Pvt Ltd
57904,COMPETITORSVIEW STRATEGIC INSIGHTS PRIVATE
56004,VESUVIUS IT AND SHARED SERVICES PRIVATE
55578,SIXS SPORTS AND BUSINESS SOLUTIONS INC
54780,Northern arc
55660,LARSEN TOUBRO LIMITED
55985,Unicommerce
55816,Svasti microfinance
53745,NOVO Management Consulting Pvt. Ltd.
53503,STATUSNEO TECHNOLOGY CONSULTING PRIVATE LIMITED
19066,RSM Astute Consulting Pvt. Ltd.
56570,GILBARCO
55490,Service Easy Technology Private Limited
55937,Gurulight
57114,BOTANIC HEALTHCARE PRIVATE LIMITED
56940,Belstar Microfinance Limited
55463,Atyati Technologies Pvt Ltd
55414,ARVIND LIFESTYLE BRANDS LIMITED
55208,AEGIS LOGISTICS LTD
27349,TATA SIA Airlines Limited
51999,EASE STAY PRIVATE LIMITED
55799,COURSERA INDIA PRIVATE LIMITED
55014,Gufic Group
56526,TEA POST PRIVATE LIMITED
56138,LECTRA TECHNOLOGIES INDIA PRIVATE LIMITED
24454,Ashok Leyland Limited
58060,CRYSTAL CROP PROTECTION LIMITED
56961,OPLUS INDIA RESEARCH AND DEVELOPMENT PRIVATE LIMITED
58138,FIT & MICE - Bandhan Bank Limited
55460,Schoolnet India Limited
54669,USHUR TECHNOLOGIES PRIVATE LIMITED
57382,Laurus Bio
57237,Cholamandalam Securities Limited
57771,SARLA AVIATION PRIVATE LIMITED
55658,ETC MANAGEMENT SERVICES INDIA PRIVATE LIMITED
55504,Softcon Systems Private Limited
57453,WIRTGEN INDIA PRIVATE LIMITED
53057,AFFORDABLE ROBOTIC AUTOMATION LIMITED
51593,VOGO.
57173,Masai School
53526,ABS FUJITSI GENERAL PVT LTD
56304,Dua Lima Retail Pvt Ltd
36634,TEAM COMPUTERS PVT LTD
42781,Emcure Pharmaceuticals-Twinkle
55393,BAI INFOSOLUTIONS PRIVATE LIMITED
51363,Sivaraj Spinning mills pvt limited
50882,FIDELITY INFORMATION SERVICES INIDA PRIVATE LIMITED
20271,Leadsquared
54494,READY ROTI INDIA PRIVATE LIMITED
56689,Titan Company Limited - MICE
55586,SHRIRAM PROPERTIES LTDD
57754,Quest Global Engineering Services Private Limited.
52954,DTDC EXPRESS
57309,Asirvad Microfinance
53751,RUPIFI TECHNOLOGY SOLUTIONS PRIVATE LIMITED
56831,Sunteck Realty
56066,EXICOM TELE SYSTEMS LIMITED
57541,Agrizy
57938,BISK FARM
55625,BYLD CONSULTING INDIA PRIVATE LIMITED
58035,Forvol Travel Colaba MU
55506,ALFANAR POWER PRIVATE LIMITED
57733,Greenply Industries Limited (HO)
55902,BFIL
52915,Dealshare
57156,SUNDARAM HOME FINANCE LIMITED
56423,CEINSYS TECH LTD
53901,GT US SHARED SERVICES CENTER INDIA PRIVATE LIMITED
57522,JETWAYS TRAVELS PVT.LTD.
56575,GENESYS INTERNATIONAL CORPORATION LTD
56438,G T HOLIDAYS PRIVATE LIMITED
56943,ADDVERB TECHNOLOGIES LIMITED
51397,Aadhar Housing Finance
54645,VA TECH WABAG LTD
56387,NOCIL LIMITED
51261,Ace Turtle Services Pvt Ltd
57972,Maruti Suzuki BTC
56845,NTC logistics
53755,ADFACTORS PR PRIVATE LIMITED
57239,Flash.co
54217,MAHARASHTRA FEEDS PVT LTD
56822,QI LIFECARE PRIVATE LIMITED.
56385,Sankaran Nethranala
57426,COMPUTER AGE MANAGEMENT SERVICE LIMITED - Travel D
51370,Artech Infosystem
53342,Tanla Platforms Ltd
48779,Spandana Sphoorty Financial Limited
42107,INNOMINDS SOFTWARE PVT LTD
42592,3i Infotech Limited
53589,STEEL STRIPS WHEELS LTD
55384,Chennai ORION INDIA SYSTEMS PRIVATE LIMITED
54733,Xanadu Realty Ltd
55821,JINDAL WORLDWIDE LIMITED
56700,krsnaa diagnostics
53977,MULTIDIMENSIONS
56253,TECH MAHINDRA LIMITED
51151,Allcargo logistic LTD
56606,Baramati Agro Limited
53933,RupeeRedee
57587,Ranger apparel
46214,Yoma Business Solutions Private Limited
57883,JK PPR
55434,Studio Green
56420,SGLOBAL ACUMEN PVT LTD
56242,A O SMITH INDIA WATER PRODUCTS PRIVATE LIMITED
53441,Devyani Food Industries Limited
47161,Kudil Travels
55153,PROFECTUS CAPITAL PRIVATE LIMITED
55993,HINDALCO INDUSTRIES LIMITED
52272,PAYTM MONEY LIMITED.
55453,Paytm Loyal
51547,Lenskart Solutions Pvt. Ltd.
57987,TECH UNIAPPS (INDIA) SERVICES PRIVATE LIMITED ( MICE )
56106,RELIANCE INDUSTRIES LIMITED
55452,GENIEMODE PRIVATE LIMITED
56178,STAR INN SUITES AND RETREAT LIMITED
56383,Nference
56865,TAO DIGITAL INDIA PRIVATE LIMITED
55848,EDELMANN PACKAGING INDIA PRIVATE LIMITED
53506,dhruv
24805,Koye Pharmaceuticals Private Limited
54797,Sick India
12164,Tata Technologies
55429,Olympus Medical Systems India
53281,NetCracker Technology Solutions (India) Private Limited
57432,SANDHYA BHARDWAJ
55520,SIGTUPLE TECHNOLOGIES PRIVATE LIMITED.
56832,Dockendale Ship Management (India) Pvt Ltd
57024,Source.One
55699,TANGLIN VENTURE PARTNERS INDIA PRIVATE LIMITED
56752,DMart
53043,COLLIERS INTERNATIONAL INDIA PROPERTY SERVICES
55180,Anarock Consultants Pvt Ltd
56206,MAHINDRA HOLIDAYS AND RESORTS INDIA LIMITED PUNE
56297,Sprouts Software Technologies Private Limited
57032,IIFL HOME FINANCE LIMITED
53859,Globetrot travels - travel simplified
57149,VARMORA GRANITO PRIVATE LIMITED
57746,Pathkind Diagnostics Private Limited
787,Jubiliant Food Works
51223,SMC Group
58039,ST JUDE MEDICAL INDIA PRIVATE LIMITED.
54222,GODREJ VESTAMARK LLP
47817,AVEVA Solutions India LLP
57562,Yaskawa India Pvt Ltd
55836,VISIT HEALTH PRIVATE LIMITED
50866,Clover Infotech Private Limited
44088,Stanplus Technologies Private limited
57691,Mahindra Holidays and Resorts India Limited(South)
53083,Fabtech Technologies Pvt Ltd
55493,Zydus Wellness Products Limited
54662,ESPER.IO SOFTWARE SERVICES PRIVATE LIMITED
56993,Raj Cooling System
55078,STOVEKRAFT LIMITED.
53635,URBANPIPER TECHNOLOGY PVT LTD
53053,APOLLO HEALTH AND LIFESTYLE LIMITED.
57122,IKEDA LIMITED
42614,National institute for smart government (NISG)
52940,Cognizant technology solutions
51591,Hotelscart
57208,Fabhotels_CID
54305,M/S FALCON AUTOTECH PVT LTD
55349,EAZE TOURS
57776,JBM Auto Limited-2
55812,The Madras Travel company
55068,CHOLAMANDALAM MS GENERAL INSURANCE LTD
54316,SKD Holidays
55940,PON PURE CHEMICAL
57492,MATEX TECHNOLOGIES PRIVATE LIMITED
54074,Tuv India Pvt Ltd
55890,Viva Money Solutions Pvt Ltd
56459,POSIST TECHNOLOGIES PRIVATE LIMITED
53088,Siemens Energy
56703,CARTRADE.COM
50693,Jocata Financial Advisory & Technology
57988,CYGNUS ADVERTISING (INDIA) PVT LTD
55546,NOVOCURA TECH HEALTH SERVICES PRIVATE LIMITED
57999,PETRONAS LUBRICANTS (INDIA) PRIVATE LIMITED
53033,IOPEX TECHNOLOGIES PRIVATE LIMITED
54225,Ipca laboratories Ltd
53054,UNIORBIT TECHNOLOGIES PRIVATE LIMITED
57287,GO DIGIT LIFE INSURANCE LIMITED
56104,TC Tours Pvt Ltd
55510,BALDOR TECHNOLOGIES PRIVATE LIMITED
55634,STV World
53505,Petfully Yours Private Limited
57409,GLAM EVENTS
52904,HONEYWELL INTERNATIONAL (INDIA) PRIVATE LIMITED
43865,QODENEXT INDIA PRIVATE LIMITED
56427,XSCAPE PLAN
34030,Mogli labs (india) private limited
52137,Sudhir Power Limited
55851,CLASSIC MARBLE COMPANY PRIVATE LIMITED
55484,LAXMI DENTAL EXPORT PVT LTD
51579,Lavonne Hospitality
38206,Dharampal Premchand Ltd.
55417,CELEBAL TECHNOLOGIES PRIVATE LIMITED
57160,Irise India Pvt Ltd
39694,VEEPEE INTERNATIONAL PRIVATE LIMITED
55096,Morning Star
56708,ISHAN NETSOL PRIVATE LIMITED
51529,Sasken Technologies Limited.
51655,Kotak Mahindra General Insurance
56008,M & B ENGINEERING LIMITED
57756,DOMESTICWALE PRIVATE LIMITED
58131,CHITKARA UNIVERSITY
56390,MIND SHARE UNITED FOUNDATION
56569,EYGBS (India) Private Limited
30510,E GOVERNMENTS FOUNDATION
52141,MOMS OUTDOOR MEDIA SOLUTIONS PVT.LTD
34027,63IDEAS INFOLABS PRIVATE LIMITED
53743,SYMEGA FOOD INGREDIENTS Limited
57419,HARSCO INDIA SERVICES PRIVATE LIMITED
57375,UNITED SPORTS
58016,AIR WATER INDIA PRIVATE LIMITED
55441,SARVATRA TECHNOLOGIES PRIVATE
54838,Web werks
53662,APTOS INDIA PRIVATE LIMITED
56246,I T C LIMITED
57866,NATIONAL FORENSIC SCIENCES UNIVERSITY
53282,Jindal Poly Films Limited
49317,Religare
56601,Whirlpool India Limited
56183,navayuga engineering company ltd
54898,NORWIN TECHNOLOGIES (INDIA) PRIVATE LIMITED
56271,MIDLAND MICROFIN
55665,Cello World Private Limited
57749,Escorts Dealers Development Association
55423,PGP Advisors LLP
53880,Jekson Vision Pvt Ltd.
53290,Zolve Innovations Pvt Ltd
57971,UTL Solar
55820,HDFC Securites
54040,A-1 Fence products company pvt ltd
53123,PROGILITY TECHNOLOGIES PRIVATE LIMITED
55263,SKOOTR GLOBAL Pvt. Ltd.
50928,Kajaria Ceramics Limited
56886,META INFOTECH PVT. LTD.
51485,Blue Tokai Coffee
36768,Indiabulls
55404,Life Insurance Corporation.
51501,Neon Laboratories Ltd.
52861,Wortgage Technolgies Private Limited
57105,AON CONSULTING PRIVATE LIMITED
21705,Lohia Corp Limited
52769,Star Air
56746,DANTAL HYDRAULIC PVT LTD.
51809,Megha Engineering & Infrastructures Limited
55548,Apparel Group India Private limited
56897,TABLETS (INDIA) LIMITED
57606,Medley Pharmaceuticals Ltd
53967,KAIA TOURISM PRIVTE LIMITED
55389,HUMMINGBIRD DIGITAL PRIVATE LIMITED
54205,RIBBON COMMUNICATION PRIVATE LIMITED
57899,FINOLEX CABLES LTD.
53296,SATGURU HOLIDAYS (INDIA) PRIVATE LIMITED
54107,Carestack
54228,LEVERAGE Edu
58043,Forvol Travel Colaba
57001,EVERSUB INDIA PRIVATE LIMITED
55960,F.S.S.SERVICES
57180,AON INDIA INSURANCE BROKERS PRIVATE LIMITED
54593,FERRO INDIA PRIVATE LIMITED
57639,MOTOVOLT MOBILITY PRIVATE LIMITED
51561,VYMO TECHNOLOGIES INDIA PRIVATE LIMITED
56306,Bhavyam Enterprises
56801,Collective Newsroom Private Limited
29930,Vaidam Health Private Limited
56375,Maddock Films
56288,VLCC Group
55568,Kazam EV tech Pvt ltd
47774,First Source
4611,alchemy solutions
58118,VENTURES ADVERTISING PRIVATE LIMITED
49803,KG information systems private limited Coimbatore
54911,Culver Max Entertainment Private Limited
56963,LEGRAND INDIA PRIVATE LIMITED
55524,ZYDUS HEALTHCARE LTD.
39408,REYNOLD ONLINE
55977,AMARA RAJA BATTERIES
55831,Lamberti India Pvt. Ltd.
56388,Dada Daddi Inc
56105,KELLER GROUND ENGINEERING INDIA PRIVATE LIMITED
57330,VST Industries Ltd
55070,Prospecta Software Solutions Private Limited
56583,CareEdge
57865,AIR LIQUIDE INDIA HOLDING PVT. LTD (PAH)
51361,Excitel Broadband Private Limited
56678,PASTA STREET INDIA PRIVATE LIMITED
55649,Amber
52933,TRAGITTO CORPORATE SOLUTIONS LLP
56730,Prime Global Accommodation
57941,ABIS EXPORT INDIA PVT LTD
54847,KENSIUM SOLUTIONS PRIVATE LIMITED
4565,Sava Healthcare Limited
49436,HAFELE INDIA PRIVATE LIMITED
55628,Jupiter Money
54693,PeopleLink Unified Commuincation Pvt. Ltd.
56736,Atria Convergence Technologies
57781,Maximus
47172,Tata Consulting Engineers Limited.
56243,KOENIG SOLUTIONS PRIVATE LIMITEDD
55853,LAMBDATEST INDIA PRIVATE LIMITED
57770,NIRMIT BHARAT
55407,GE POWER INDIA LIMITED
57935,IndusInd Bank Hyderabad
54433,FLIPSPACES TECHNOLOGY LABS PRIVATE LIMITED
22832,Acxiom Consulting Private Limited
54387,GEMINI CONSULTING & SERVICES INDIA PRIVATE LIMITED
56065,PNC INFRATECH LIMITED
56777,Greencity Realtors Welfare Association
47367,Tech Mahindra Ltd. HO
57013,Moschip Technologies Ltd
58046,Infinity Learn
51488,Directorate General Of hydrocarbons
36360,Convenient Consultant
55999,Almond House
56296,Celebi Cargo
56690,BARODA GLOBAL SHARED SERVICES LIMITED
56048,SHAPOORJI PALLONJI AND CO PVT LTD
54748,Casa2 Stays Private Limited
52166,PAYTM SERVICES PRIVATE LIMITED
55461,Olectra
57689,CONSOLIDATED PRIVATE LIMITED
52094,Kobelco Compressors India Private Limited
56824,GOKUL AGRO RESOURCES LIMITED
52620,CH India pvt limited
52071,Blue star Limited
57563,GMVT Technologies Pvt Ltd
52988,BRANE ENTERPRISES PRIVATE LIMITED
55923,Adventure Tour And Travels
55339,KPMG India Private Limited
55184,MANTRA LABS.
57920,Quadeye
53754,Aditya Birla Fashion
55626,Riya Business Travels
54581,PRESS2 DRYCLEANING AND LAUNDRY PRIVATE LIMITED
56051,GREENKO ENERGIES PRIVATE LIMITED
55302,CYNET SYSTEMS Pvt. Ltd.
54879,CONNEDIT BUSINESS SOLUTIONS PRIVATE LIMITED
52742,Absolute Barbecues Pvt Ltd
56069,YANA HOSPITALITY INC
57401,TRAVEL WITH FREDDIE
50710,Byjus
57418,VINAYAKA TOURISM PRIVATE LIMITED
56733,Garuda Aerospace Private Limited
57161,Bytedance (India) Technology Private Limited
55081,OBEN ELECTRIC VEHICLES PRIVATE LIMITED
57910,Aadhar Housing
57255,CELCOM SOLUTIONS GLOBAL PRIVATE LIMITED
56391,NOVATEUR ELECTRICAL & DIGITAL SYSTEMS PRIVATE
53387,Talview
55859,Rainbow Hospitals
56871,ABK Imports Pvt Ltd
49844,INFRABEAT TECHNOLOGIES PVT LTD
44525,Yazaki India Pvt Ltd
52720,"Giesecke & Devrient MS India Private Limited,"
56382,Navneet Education Limited
55575,ANTHOLOGY INTERNATIONAL PRIVATE LIMITED
54976,MONIKA ALCOBEV
52167,PAYTM FIRST GAMES PRIVATE LIMITED.
57005,SFS Group India Private Limited
54248,KESTONE INTEGRATED MARKETING SERVICES
57324,Gocomet
55818,INGENICO INTERNATIONAL INDIA PRIVATE LIMITED
53980,Healthkart
54810,Soothe Healthcare private Limited
57298,DELTA AUTOCORP LIMITED
41382,Bisleri International Private Limited
56378,Agridise Nature Private Limited
55868,RATTAN INDIA POWER LIMIED
50965,JUBILANT BIOSYS LTD
57755,DCM SHRIRAM LIMITED
55350,Matrimony
57117,Sulzer Pumps India pvt ltd
53748,WEBENZA INDIA PRIVATE LIMITED.
53810,Newton School
57046,Siddhartha Voyage Solutions LLP
57550,Radico Khaitan Limited
57028,NTT DATA Hyderabad
51872,Zydus cadila healthcare ltd
51212,ACCOREZ TRAVEL SERVICES PRIVATE LIMITED
58012,S.S. AVIATION SERVICES
56807,Servier India Private Limited
52559,Fast Forward Logistics Pvt. Ltd
56269,DEEPALI DESIGNS AND EXHIBITS PRIVATE LIMITED
57388,MAGICRETE BUILDING SOLUTION PVT. LTD.
56381,Vistara Airlines
53889,Egovernments Foundation
53339,Nagarro Software Private Limited
57665,Colgate Palmolive India Limited.
54383,HINDUSTAN OIL EXPLORATION CO LIMITED
51456,Star Union Dai-Ichi Life Insurance Company
38947,Beauty Essentials Marketing Pvt. Ltd.
55239,GRIP INVEST ADVISORS PRIVATE LIMITED
56035,Grasha Rooms and Travel Management
53953,Manpower
54541,TUV INDIA PRIVATE LIMITED.
57822,NIRMIT BHARAT 2
52942,M3BI INDIA PRIVATE LIMITED
51327,New Wave Computing Pvt Ltd
55269,Staan
56588,Soliton Technologies Pvt Ltd
56465,SRI KRISHNA TRAVELS
55865,VALUEFIRST DIGITAL MEDIA PRIVATE LIMITED
52211,Baumer India Private limited
55552,GARDEN SILK MILLS PRIVATE LIMITED
57854,WE SELL MEMORIES INDIA
54323,SISL Infotech Private Limited
57271,Persistent Systems Ltd Pune
52602,911 Fintech solutions Pvt Ltd
56485,KraftyFox
57289,PUTZMEISTER INDIA PRIVATE LIMITED
57850,EMERSON ELECTRIC COMPANY INDIA PRIVATE LIMITED
57464,BANDHAN AMC LIMITED
57016,Zoop.One
58014,Jesons
57501,SUNTEK ENERGY SYSTEMS PRIVATE LIMITED
51260,TRESOR SYSTEMS PVT. LTD.
57086,Zypp Electric
53393,C-Zentrix
1711,Jubilant Motorworks Private Limited
150,FabHotels
56839,D P WORLD PVT LTD
57905,LEISURE INITIATIVES & MANAGEMENT
58061,PUNE UNITED PICKLEBALL PRIVATE LIMITED
56440,Geebee Edtech Private Limited
54650,IGNITARIUM TECHNOLOGY SOLUTIONS PRIVATE
54716,CUREFOODS INDIA PRIVATE LIMITED
52914,Jubilant enpro private limited
57302,MUTHOOT FINANCE LIMITED
54912,BIOFUELCIRCLE PRIVATE LIMITED
55571,TECHJOCKEY INFOTECH PRIVATE LIMITED
49387,Reliance Trends
56277,ELGI Rubber Co Ltd
55516,RHI Magnesita India
57662,ZHONGFU MOBILE PRIVATE LIMITED
45937,HETTICH INDIA PVT LTD
56729,Apar Industries Limited
56208,DTWELVE SPACES PRIVATE LIMITED
52802,TECHNOVA IMAGING SYSTEMS PRIVATE LIMITED
56070,VRB Consumer Product Pvt. Ltd.
57303,Point Of Viewer
54477,ASPL INFO SERVICES PVT LTD
51202,PRINTO BANGALORE
50713,COLLEGEDUNIA WEB PRIVATE LIMITED
51356,HINDUJA TECH LIMITED
55579,Happiest Minds Technologies Limited
53642,Bajaj Consumer Care Limited
55344,Mahindra Solarize Pvt Ltd
56797,Monarch Networth Capital
54967,UNIGLOBE SRI SAI TRAVEL
56053,Caprihan India Limited
54962,INSTALLCO WIFY TECHNOLOGY PRIVATE LIMITED
53392,Concentrix TM
57077,Star Cement Limited (HO)
22238,Sound & Light Professionals
52750,ARYAKA NETWORKS INDIA PRIVATE LTD
32189,THYROCARE TECHNOLOGIES LIMITED
54036,Sulzer India Private Limited
53448,Ttec Digital Analytics India LLP
55936,Amcor Flexibles India Private Limited
56716,L&T technology
57410,Sika India Pvt Ltd
57688,Titagarh MD's Office
51334,SATIN CREDIT -CARE NETWORK LTD
55455,IKEA INDIA PRIVATE LIMITED
57007,Capital foods
52563,SARK INTERNATIONAL TOURS & TRAVELS PRIVATE LIMITED
57128,Bimbo Bakeries India Private
54866,Moback Technologies India Private Limited
1544,Emcure Pharmaceuticals Pune
56139,Vishwagreen Plus LLP
55413,Fujitec
57780,OLYMPIA SPORTZ AND EVENTS PRIVATE LIMITED
55877,JIE LIAN MOBILE INDIA PVT LTD
54664,BORA INDIA
54327,orril energy services pvt ltd
57681,Element14India
57376,DAFFODIL SOFTWARE PRIVATE LIMITED
52280,Hyundai Motor India Engineering Pvt Ltd.
57000,ENERGIA APPLIANCES PRIVATE LIMITED
54054,SUNSHINE TEAHOUSE Pvt ltd
54004,TataTrust
52698,Thome shipping
55891,Amararaja Batteries Limited
54996,KALVI CAREER EDUCATION PRIVATE LIMITED
50773,Meroform India Pvt Ltd
46614,HungerBox
52149,POWER MECH PROJECTS LIMITED
21025,CSS corp.
54156,Sopra steria
55242,The Printers Mysore
55809,Hunter Douglas India Pvt. Ltd.
1054,PATHPARTNER TECHNOLGY PVT. LTD
55292,ICT ACADEMY OF TAMIL NADU
52892,Zee Entertainment Enterprises Limited.
56501,Tesla Power USA
57068,ZYCUS INFOTECH PRIVATE LIMITED
44169,Larsen & Toubro Ltd
53467,GAIAN SOLUTIONS INDIA PVT LTD
55674,MINDTECK INDIA LIMITED
55854,Jakson Group
58037,Forvol Travel Andheri MU
57179,Indraprastha Gas Limited
58106,Shahi Exports Private Limited
55880,ZESTIOT TECHNOLOGIES PRIVATE LIMITED
54690,"Marlabs Innovations Private Limited,"
51171,Varun Beverages
55355,ADVA OPTICAL NETWORKING INDIA PRIVATE LIMITED
52390,Paisabazaar marketing and consulting Private Limited
57169,VOLTAMP TRANSFORMERS . LTD.
55373,RESURGENT INDIA LIMITED
54771,Accenture Solutions Private Limited
51502,Atal Innovation Mission
52952,Cashfree payments
56396,MDIndia Health Insurance TPA Pvt. Ltd Pune
56502,Aditya birla fashion and retail limited (New)
57823,AWFIS SPACE SOLUTIONS LIMITED
56484,PetPooja
57967,SaarathiFinance LTD
55477,Avanse Financial Services Limited
57170,"INNOVENT SPACES PRIVATE LIMITED, IndiQube"
55627,KRISHNA INSTITUTE OF MEDICAL SCIENCES LIMITED
57374,India International Exchange (IFSC) Limited
52536,GI Reatail
53764,Mamaearth
56986,METALLIZING EQUIPMENT CO PVT LTD
50249,Nirmal Raj
57824,TRIP WONDER
56325,Curry Cullture LLP
53318,Oben Electric vehicles Pvt Ltd
51881,Travel Unravel Holidays Private limited
55879,AARYANSHI HOSPITALITY PRIVATE LIMITED
55220,EMBASSY PROPERTY DEVELOPMENTS PRIVATE LIMITED
53538,Zeta Global
53545,MRS BECTORS FOOD SPECIALITIES LIMITED
57717,MADHUBAN TOUR & TRAVELS
50176,Formula Group
25709,Shyam Steel Industries Limited
57430,RINKU PRINCE GOYAL
57051,Beri Udyog Pvt Ltd
50988,Betterplace Safety Solutions Private Limited
53454,DRIPLEX WATER ENGINEERING PRIVATE LIMITED
52106,Hummingbird digital pvt ltd
56753,Hotelscart Private Limited
54318,PROKLEAN TECHNOLOGIES PRIVATE LIMITED
58129,SMPL TECHNOLOGIES
57811,CENSEO TOURS PRIVATE LIMITED
55507,.MakeMyStay.co
55970,MEIDEN T&D INDIA LIMITED
57267,Happilo
51888,Allkem laboratories Ltd
7431,Sandhaar Technologies Limited
56496,ECGC LIMITED
57743,PHOTON INTERACTIVE PRIVATE LIMITED
57163,Vedanta Ltd
55458,TEST TP CORPORATE
51385,TATA ADVANCED SYSTEMS LTD
53315,Prevest Denpro Ltd
55577,Air India Limited
57625,HELLOBUDDY TRAVEL SOLUTIONS PRIVATE LIMITED
55508,SAPPHIRE FOODS INDIA LIMITED
55001,Balmer Lawrie & CO LTD
54385,Blubble Private Limited
55374,TESSOLVE SEMICONDUCTOR PRIVATE LTD
53964,KNIGHT FRANK (INDIA) PVT LTD
57982,Shimadzu
52000,Alankit Limited
56113,Danfoss
55512,Vindhya Telelinks
56170,Gujarat Tour & Travels Organizer
55690,Turbo Energy Private Limited
56806,TOTO
55442,EASTERN TRAVEL NEEDZZ
57611,QUICK HOLIDAYS
56389,FINELINE INDIA ID SOLUTIONS PRIVATE LIMITED
56932,Pixel Diagnostics
56697,LUCKY EXPORTS
56023,Times Edutech
54887,INDUS TOWERS LIMITED.
53259,Novateur
54811,DESIGNERR'S ACADEMY
49103,SANY Heavy Industry India Pvt Ltd
57678,SCHOLASTIC INDIA PRIVATE LIMITED
55920,EMMAY ENTERTAINMENT & MOTION PICTURES LLP
57162,Carysil
55860,ERNST YOUNG LLP
49866,PBPS Hospitality Services
57773,COSMOS PUMPS PRIVATE LIMITED
55189,GI Staffing Services Pvt. Ltd.
52024,ALLTECH BIOTECHNOLOGY PVT LTD
57788,Entrata India Private Limited
57115,Saarathi Finance and Credit Pvt Ltd
56908,TORRENT GAS LIMITED
57033,Vellore district Bus Owners Association
50838,Swiggy HO
51400,Synergy Maritime Private Limited
55935,GHCL LIMITED
55462,REVERIE LANGUAGE TECHNOLOGIES LIMITED
57790,Trekking Mantra
57786,Dream Stay Holiday
54768,BLUE DART EXPRESS LIMITED
53537,Coforge Ltd
55644,GANESH ROADLINES PRIVATE LIMITED
53504,CRYSTAL COOK N SERVE PROD UCTS PRIVATE LIMITED
52015,Ernst & Young LLP.
56874,Keus Automation Pvt ltd
57299,Ambak Fintech
52732,COLLIERS INTERNATIONAL (INDIA) PROPERTY SERVICES PRIVATE LIMITED
57448,THE J J TOURS AND TRAVELS
52004,Rahul ..
57018,Blue Hat Solutions Pvt Ltd
53445,GYANSYS INFOTECH PRIVATE LIMITED
3981,Gapbridge Software Service pvt limited
50953,Route India
54767,LANDMARK ONLINE INDIA PRIVATE LIMITED
54801,YUM RESTAURANTS (INDIA) PRIVATE LIMITED
55559,TECSO CHARGE ZONE LIMITED
55288,Infineon Technologies India Pvt. Ltd.
51178,APOLLO MEDSKILLS LIMITED
57103,Biorad Medisys Pvt. Ltd.
55372,ARDORCOMM MEDIA PRIVATE LIMITED
55562,Gail India Limited
55681,METAL POWER ANALYTICAL Pvt Ltd
18936,Jetways Travels
55883,Ekaggata Technologies
49993,GLENMARK
52811,Kahamind Healthcare Private Limited
51206,Fresenius Kabi
56473,CHIRATAE VENTURES
56111,Booking Hospitality Leisure Infra LLP
28711,Datacipher Solutions Pvt. Ltd.
56395,CYH Travel Services
53666,El Corte Ingles
32954,Bharat Bijlee Limited
41164,Tagbin Services Private Limited
56841,TIPSONS FINANCIAL SERVICES (P) LTD.
55998,Batliboi Renewable Energy Solutions Pvt Ltd
52787,SOGEFI ENGINE SYSTEMS INDIA PVT LTD
56062,FCM Noida
32255,Zamil Steel
57310,Vijayavahini Charitable Foundation
55650,Medikabazaar
55428,AZENTIO SOFTWARE PRIVATE LIMITED
55676,MODELAMA EXPORTS PRIVATE LIMITED
55008,HCL TECHNOLOGIES LIMITED
53279,Usekiwi Infolabs Private Limited
54354,alltech
55843,Om Travel Services
53811,Premier Ltd
56549,IntugineTechnologies private limited
57574,MEENU TRAVELS
56970,RADURE Handling Private Limited
55251,Triburg Design Studio LLP
57189,SOUTH ASIAN FOODS CORPORATION
53275,Protium
56233,SMS Integrated facilities
55666,CADFEM INDIA PRIVATE LIMITED
52795,Honeywell Technology Solutions Lab Private Ltd
58077,REVANTAGE GLOBAL SERVICES INDIA PRIVATE LIMITED
57783,PURVANSH HOLDINGS PRIVATE LIMITED
55641,Piramal capital & Housing Finance ltd.
51604,E GOVERNMENTS FOUNDATION BLR
55525,TORUS FINANCIAL MARKETS PRIVATE LIMITED
55000,Sandu Pharmaceuticals
55620,Arjas Steel Private Limited
49955,Greenko
55616,Pahal Travel
52070,Asian Paints India
57486,Travel Planners
57210,Aman Automobiles
51934,Varuna Integrated Logistics Pvt. Ltd.
57986,Zurich Kotak General Insurance
52804,Rohde & Schwarz India Pvt. Ltd
7479,Travelista Consultants
52634,RDV Design Technologies
56061,Sulphur Mills Ltd
56032,INFOMINEZ PRIVATE LIMITED
57591,GREAT INDIAN JOURNEY PRIVATE LIMITED
29691,C&S Electrics
55130,Aujas Cybersecurity Limited
26836,Inflow Technologies Pvt Ltd
55605,JOY MYGREAT
58090,Goyal MG Gases Pvt Ltd
39405,Alpharithm Technologies Private Limited
56529,SAREGAMA INDIA LTD
57184,ELECTROMECH MATERIAL HANDLING SYSTEMS
28665,Ernest & Young Pvt Ltd
55576,GOLDE BENGALURU INDIA PRIVATE LIMITED
56761,DATAINFA SOLUTION PRIVATE LIMITED
53168,"Ekaggata Technologies and Consultancy Services Pvt,. ltd"
56444,ADVATIX APAC LOGISTICS PRIVATE LIMITED
49842,Travel Unravel Holidays Private Limited
55654,ALLIED BLENDERS AND DISTILLERS LIMITED
53929,Falcon X
55939,Ramco Industrial Limited
55849,Optho Life Sciences
58051,Hamilton Science
53089,Mankind
56585,Promech Industries Private Limited
55440,Laqshya Live Experiences Pvt Ltd
57314,Mitsubishi Chemical Group Corporation
55385,SULEKHA.COM NEW MEDIA PRIVATE LIMITED
55889,Ghaziabad Precision Products
45750,Travel sync Global Accommodation
56668,SNOWY OWL INDIA SOURCING PRIVATE LTD
57518,AGO TRAVELINGFUNS HOLIDAYS PRIVATE LIMITED
54618,HIROTEC INDIA
56039,RTW GLOBAL SERVICES PRIVATE LIMITED
57775,MINTCAP BROKERS PRIVATE LIMITED
55647,Bhumika Enterprises Private Limited
4451,Tech Mahindra Business Services Ltd
53853,four dimensions retail design india private limited
55688,REXEL INDIA PRIVATE LIMITED
51433,TaxiVaxi
3947,JBM Auto Limited
57976,Oziva
55629,RANKGURU TECHNOLOGY SOLUTIONS PRIVATE LIMITED
54085,MEDLIUS PHARMA PRIVATE LIMITED
55129,KANSAI NEROLAC PAINTS LIMITED
54928,Kauvery Hospital chennai
54684,Eastman Auto & Power Ltd.
50286,Accel Partners India
56754,AKBAR TRAVELS OF INDIA PRIVATE LIMITED
57378,Unify Facility Management Pvt. Ltd.
57040,FIITJEE Limited.
55783,Bajaj Electricals Limited
56947,Pai Platforms Private Limited
54190,Nexus Innovative Solutions Private Limited
56467,KEVIN PROCESS TECHNOLOGIES PVT LTD
56627,Synergech Technologies India Private Limited
85,Centum Learning
55489,ADONMO PRIVATE LIMITED
53770,BMRV Engineering Consultants
53644,Ghodawat Consumer Ltd
50133,IndiaFirst Life insurance
57778,Indio Networks Pvt Ltd
55624,Tailored Services By RB
57427,Dummy-TA
54551,Paytm Insurance Broking Private Limited.
57029,Brain4u
55074,BALPHARMA LIMITED 1
11949,NBCC India Limited
1657,Eximius Design India Pvt Ltd
54465,GDX FACILITY AND MANAGEMENT SERVICES PRIVATE LIMITED
56126,Rauni And Co
55396,Bluestar Ltd
54882,Brandbuzz Multimedia Pvt. Ltd.
47089,BANGA SOLAR PRIVATE LIMITED
52788,Formula MEP engineering
57200,TWINSUN INNOVATORS PRIVATE LIMITED
55614,Simplotel technologies private limited
56830,CARGO MOTORS PRIVATE LIMITED
24863,encardio rite electronics pvt ltd
57686,KALYANI STEELS LTD
57596,Enem Nostrum Remedies Pvt Ltd.
25339,Timetechnoplast Limited
55899,AVA Chemicals
54679,Datamato
55777,ARK GROUP
55959,Matrix Cellular (International) Services Limited
57521,CAREWELL EXPRESS TOURS PVT. LTD.
56816,MEGAS ARCHITECTURAL SERVICES PRIVATE LIMITED
45621,Dorset Industries
56141,TECHNOTARIUM SOLUTIONS
54534,BBR HOSPITALITY PRIVATE LIMITED
55246,Reliance industries limited petroleum
53438,CLASSKLAP PRIVATE LIMITED
57392,AGRISTO MASA PRIVATE LIMITED
51190,CHEMICAL BROTHERS
52778,people strong technologies
54827,DANISCO NUTRITION AND BIOSCIENCES INDIA PRIVATE LIMITED
55027,A&H INFOTECH INDIA PRIVATE LIMITED
48485,Alten Calsoftlabs India Private Limited
49783,VS Sales
55893,SPX FLOW TECHNOLOGY (INDIA) Pvt ltd
55376,Travel Monk Adventure
58087,ABHITECH ENERGYCON LIMITED
57262,MUSAFIR.COM INDIA PRIVATE LIMITED
55925,Prakriti Tours
57037,Siddhivinayaka Enterprises
47401,Desai Brothers Limited
55622,Q3 INFOTECH PRIVATE LIMITED
57698,No Billing QA
55526,MANORAMA INFOSOLUTIONS PRIVATE LIMITED
57236,UBI SERVICES LIMITED
57546,MIRAJ ENTERTAINMENT LIMITED
57682,FREX TECHNOLOGIES PRIVATE LIMITED
55303,LEAD CONSULTANCY AND ENGINEERING SERVICES INDIA PRIVATE LIMITED
54539,HOTELOGIX INDIA PRIVATE LIMITED.
57835,TREZIX SOFTWARE PRIVATE LIMITED
57219,goodluck india limited
54416,UDAAN INDIA PRIVATE LIMITED
55623,MANYA EDUCATION PRIVATE LIMITED
58121,Senior Flexonics India Private Limited
55689,GLOBE MOVING & STORAGE CO PVT LTD
55099,GD WALDNER INDIA PRIVATE LIMITED
56819,VSL VENTURES PRIVATE LIMITED
55219,ADANI ENTERPRISES LTD
50774,AMAZE TRAVEL COMPANY
57520,SWAYOURWAY TOURS AND TRAVELS
57505,Lets go to holidays
54831,Root Solutions
57362,Radhe World
56977,ESBEE DYNAMED PRIVATE LIMITED
57637,BHLI (BOOKING HOSPITALITY & LEISURE INFRA) LLP
48763,Utkarsh Small Finanace Bank
52921,Petrolabs india pvt ltd
57138,CORPORATE ANALYST & CONSULTANT PRIVATE LIMITED
55554,Reliance Brands Limited.
56474,HNTI LTD
54839,Macromill Research India LLP
55823,Star Health And Allied Insurance Co. Ltd.
52794,Legato Health Technologies LLP
57049,WHEELOCITY FRESH PRIVATE LIMITED
56189,Blue Yonder India Private Limited
56739,TORRECID INDIA PRIVATE LIMITED
56046,REGUS GURGAON METROPOLITAN BUSINESS CENTRE PRIVATE LIMITED
52539,DXN marketing
53291,MAHANSARIA TYRES PRIVATE LIMITED
55701,EUROFINS ANALYTICAL SERVICES INDIA
51920,VARUNA WAREHOUSING PRIVATE LIMITED
57659,PURBA HOLIDAYS
48991,Anglo-Eastern Ship Management (India)
53501,Nobroker Technologies Solutions Private Limited
50253,M/S BSH HOUSEHOLD APPLIANCES MANUFACTURING P LTD
54751,VIMAAN ROBOTICS INDIA PRIVATE LIMITED
55318,Metso outotec india pvt ltd
55469,CAPILLARY TECHNOLOGIES INDIA LIMITED
56981,Smart Staff
55485,GLATT INDIA ENGINEERING PVT. LTD.
56818,Observe.AI
54906,I - Exceed Technology Solutions Private Limited
57499,Book my TravelAdda
52752,Woodward India Pvt. Ltd.
55611,FRQ BRO PRIVATE LIMITED.
52571,NTF (INDIA) PVT. LTD.
41675,StripeData Private Limited
7587,Granules India Pvt Ltd
52970,UTOPIA INDIA PVT LTD
54923,UK solutions pvt limited
57544,KAIRALI HOLIDAYS
57485,BOOK MY HOLIDAYS
55416,SISCOL
53172,Booking hospitality
57552,GVK INDUSTRIES LIMITED
57097,Kellton Hyderabad
51310,V-Guard Industries Limited
56702,GRUNER RENEWABLE ENERGY PRIVATE LIMITED
52862,Muthoot Fincorp Ltd
56519,Axis stay
57439,EASY TO GO VACATIONS
57452,M M Holiday Tours
54480,3Pillar Global
49197,Birlasoft Limited
57226,MARKETMINGLE
53979,Hindustan Coca Cola Beverages Private Limited
49688,Jubilant Foodworks
56084,Doyen Systems
56195,Hoonar Tekwurks Private Limited
56679,GLATT SYSTEMS PRIVATE LIMITED
1063,Nature Hospitality
56124,Linux Laboratories Private Limited.
55370,KYNDRYL SOLUTIONS PRIVATE LIMITED
55229,SIYARAM SILK LTD
57870,Efficient Supply Chain Solutions Pvt Ltd
57431,DAYAA.IN Proprietor Ajay Sukhija
56453,Uno Minda Limited
56443,SANKET COMMUNICATIONS PRIVATE LIMITED
56789,SYNOKEM PHARMACEUTICALS LIMITED
54527,TVS Electronic Limited
56973,ZAMIL STEEL BUILDINGS INDIA PRIVATE LIMITED
56723,S CHAND AND COMPANY LIMITED
57066,Cleartrip Personal
57675,GALLAGHER SECURITY PRIVATE LIMITED
51374,APOTEX RESEARCH PVT LTD
56823,OIL FIELD INSTRUMENTATION (INDIA) PRIVATE
55866,ENCORE ASSET RECONSTRUCTION COMPANY
57466,STG JOURNEY INDIA PRIVATE LIMITED
52354,SKF India Limited
55585,Rajson Hotels
50243,Fuji Electric Consul Neowatt Pvt Ltd
57127,PIERIAN SERVICES PRIVATE LIMITED
55838,REGOLOGY INDIA PRIVATE LIMITED
57484,HOLIDAY TIPS / PLAISIR HOSPITALITY SERVICES
57942,PALMONAS
55862,Woodcreek Advisors Pvt Ltd.
54719,Novigo Solutions
11570,Northern Arc Capital
57890,VIRTUOSO PROJECTS & ENGINEERS PRIVATE LIMITED
58024,TECH RUDRAUM PRIVATE LIMITED
57288,IndiaFirst Life Insurance Company Ltd south
57211,TRUSPEQ CONSULTING PRIVATE LIMITED
55817,CK Birla
51592,Hotelscart
55345,Varun Beverages Ltd.
56272,A R P Traders
55333,Hero Group
57709,Neoceram India Pvt Ltd
55111,MONOCEPT CONSULTING PRIVATE LIMITED
54651,Kabra ExtrusionsTechnik
50967,Nalli Silk Sarees Pvt Ltd
55594,Artikate Private Limited
24510,Trail Blazers Tours India Pvt. Ltd.
54460,Kals distillery
42295,Varsha
53368,IRCTC.
54672,GLOBAL LODGING LIMITED LIABILITY PARTNERSHIP
54904,SUMAN MANAGEMENT CONSULTANTS PRIVATE
54846,YAZAKI INDIA PVT. LTD.
57867,DROIDAL PRIVATE LIMITED
55942,SYNERGISTIC FINANCIAL NETWORKS PRIVATE LIMITED
55675,UNICORN DENMART LIMITED
57151,Vitus Care Medlife Private Limited
55560,AMARA RAJA BATTERIES LIMITED..
56634,FESTO INDIA PRIVATE LIMITED
54857,IIHT LTD
32161,Osswal Infosystem Pvt Ltd
49841,PVR Limited
53316,MJunction
55561,Marlabs Innovations Private Limited
54871,William Penn Private Limited
51811,EASE STAY PRIVATE LIMITED
49277,GoMechanic_TA
56222,TRAVEL THRIVE
56435,FAMILY HEALTH PLAN INSURANCE TPA LIMITED
55957,KICH ARCHITECTURAL PRODUCTS PRIVATE LIMITED
55857,Stay Fac
55464,MARQUIS TECHNOLOGIES PVT LTD
54396,COSCO (INDIA) SHIPPING PVT LTD
56295,TVS MOBILITY PRIVATE LIMITED
56663,Atomy Enterprise
53647,CLOUDMOYO INDIA PRIVATE LIMITED.
55331,Travel with Freddie
56250,NIRMITI PRECISION PRIVATE LIMITED
54983,SINGHANIA EDUCATION SERVICES LIMITED
56515,AI Airport Services Ltd
55300,jindal steel chennai
57525,NORTH-SOUTH CORRIDOR TOURS PRIVATE LIMITED
55432,AKIL TOURS & EVENTS PVT LTD
53952,Ramboll India Pvt Ltd
56221,AURIONPRO SOLUTIONS LIMITED
57379,Lucas Indian Service Limited
57437,ROYAL VACATIONS CORPORATE PLANNERS
57711,Sun Shine Travel
55692,VEETRIPS LLP
27290,D-Mart
56085,PDAC Microsystems Pvt. Ltd
55071,PRAVEEN DUMMY
56796,World Travelpack Holidays
20611,GREEN CHANNEL TRAVEL SERVICES
51002,GIRNARSOFT EDUCATION SERVICES PRIVATE LIMITED
53976,MOJO RYDER PRIVATE LIMITED
55926,HNTI LIMITED
52963,Feedback Infra Private LTD
55010,INSPIRISYS SOLUTIONS LIMITED
55482,TATA 1MG HEALTHCARE SOLUTIONS PRIVATE LIMITED
55412,PARAMOUNT HEALTH SERVICES & INSURANCE TPA
55907,GEOCHEM LABORATORIES PVT LTD
50893,FIS GLOBAL BUSINESS SOLUTIONS INDIA PRIVATE LIMITED
55826,YULU BIKES PRIVATE LIMITED
35256,Altair
53865,CHOLAMANDALAM MS RISK SERVICES LIMITED
28544,Solartis Technology Services Pvt Ltd
54695,TRUSOURCE TECHNOLOGY PRIVATE LIMITED
56355,Flairology Bartending School
57225,ZARIYAA HAPPY WELLBEING PRIVATE LIMITED
56773,FYNDNA TechCorp Pvt Ltd
56182,HONZA HOLIDAYS LLP
57586,INDIA OUTTABOX PRIVATE LIMITED
58083,MRC LOGISTICS INDIA PRIVATE LIMITED
52745,Diptab Ventures Pvt Ltd
49828,okaya Pvt. Ltd
27144,Adani Green Energy ltd
57760,E-con Systems India Private limited
54936,cavinkare
55607,Prateesh enterprise
55346,ramco industries limited
57599,PRAKRITI TOUR AND TRAVELS
36208,Innovative Systems and Solutions Pvt. Ltd.
54331,IDS NEXT BUSINESS SOLUTIONS PRIVATE LIMITED
43925,sixth sense holidays
53381,Kirloskar Chillars
55322,Towards Vision technologies Pvt Ltd
57214,TAAL Tech
57153,Arcesium India Private Limited
44965,Emerson Process Management India P Ltd
20920,trip process
56429,Go With Us Holidays
53727,Park n Secure
55840,PRATAP TECHNOCRATS PRIVATE LIMITED
57026,ASSETRUST SERVICES PRIVATE LIMITED
46872,ITC Infotech India Ltd.
48265,Granules India Limited
57491,Space Tour India
57846,LATTICE TECHNOLOGIES PRIVATE LIMITED
57706,TVS SUPPLY CHAIN SOLUTIONS LIMITED.
43608,Lubi Electronics
56173,VENUS REMEDIES LIMITED
57707,DE HORIZON TRAVELS
43725,GoMechanic
56681,VMC TECHNOLOGIES PRIVATE LIMITED
56954,HDFC LIFE INSURANCE COMPANY LIMITED( Gujarat )
56280,GLOBAL ELECTRONICS
57513,KTC TOURS & TRAVELS
55431,PRIME GLOBAL ACCOMMODATION SERVICES PRIVATE LIMITED
51661,Expert Global Solutions Pvt Ltd
55828,Zell Education
56711,INDIFOSS ANALYTICAL PVT LTD
54934,OM Logistics Limited
55779,SUN MOBILITY PVT LTD
54626,Acquity Labs
54347,YOURDOST HEALTH SOLUTIONS PRIVATE LIMITED
5241,Air Travel Bureau Ltd
20189,Tech Mahindra Ltd
55519,WIPRO LIMITEDD
55847,Uolo Edtech Private Limited
56027,Stovl Consulting Private Limited
43862,TATA Steel Union
53761,PROTOGENE CONSULTING PRIVATE LIMITED
56234,BBR HOSPITALITY PVT LTD
56911,"Triveni Engineering &amp; Industries Ltd,"
42575,OFB Tech pvt.ltd
54422,RAL CONSUMER PRODUCTS LIMITED
57750,Soulscape Holidays
44250,ABCD LTD
55819,Bajaj Allianz Life insurance company limited chennai
55472,Reliance Retail LTD..
10560,Cholamandalam Ms General Insurance
57836,AADYA TRAVELS
54629,SILRES Energy Solutions Private Limited
53191,KPMG Assurance and Consulting Services LLP
55238,Tata Teleservices ltd.
56880,B&K Securities
57136,SAROJ PRAVEEN KOTHARI
4514,Aditya Birla Fashion and Retail Limited
53141,Yash Technologies Hyderabad
4305,StayFac
57231,Assurance Intl Limited
54257,Criyagen Agri and Biotech Pvt Ltd
54795,TAMARINDGLOBAL SERVICES PRIVATE LIMITED
56624,ICICI HOME FIN. COMP. LTD.
56431,FOCUS 4-D CAREER EDUCATION PRIVATE LIMITED
51244,Medi Assist Insurance Tpa Private Limited
55596,Sartorius India Pvt Ltd
53412,Om Travels
55895,Manorama Infosolutions Pvt Ltd.
57551,Ostc Travel Services Private Limited
55979,Mindshare United Foundation
57579,INTEGRA SOFTWARE SERVICES PRIVATE LIMITED
5303,SK TOUR & TRAVELS
29535,Zkl bearings (India) Pvt Ltd
54531,TRAVINITIES
55444,ACL MOBILE PRIVATE LIMITED
1686,Finolex Cables Ltd
54088,TCI Express
38295,NETWORK INDIA
57509,GS TOUR AND TRAVELS
57519,HALCYON FOOD AND BEVERAGES PVT LTD
57575,Ghoomle
49691,Ennoventure Technologies Pvt ltd
55352,KALKI COMMUNICATION TECHNOLOGIES PRIVATE LIMITED 1
55216,Groversons Industries Pvt. Ltd.
55595,Softwareone
54886,Lets Move Social
56589,LAVONNE HOSPITALITY PRIVATE LIMITED
57305,Academy for Computer Training(Guj) Pvt. Ltd.
53518,Prima plastics limited
10825,Beyond Destination
54261,STIBO SYSTEMS INDIA PRIVATE LIMITED
57929,NUVOCO VISTAS CORPORATION LIMITED (Kolkata)
57558,S R HOSPITALITY
57547,M/S MAHAVEER TOURS & TRAVELS
55951,NKC PROJECTS PRIVATE LIMITEDNKC PROJECTS PRIVATE LIMITED
38652,"TECHNOSOFT GLOBAL SERVICES PVT LTD.,"
9094,The Holiday Experts
55558,N RANGA RAO SONS PRIVATE LIMITED
29548,Ultratech Cement Pvt. Ltd.
53542,FLOWSERVE
57810,FICHTNER CONSULTING ENGINEERS(INDIA) PVT LTD
56928,Machos
57570,ATG HOLIDAYS PRIVATE LIMITED
983,Glocal Hospitality
55257,Star Air (GEPL)
57765,RUDRABHISHEK ENTERPRISES LIMITED
44511,HARSHA ENGINEERS LTD
51454,BIZCRUM INFOTECH PRIVATE LIMITED
56133,AVS INNO INFRA
55528,TravelDesk Global
55523,Hike Private Limited
57633,Fleet Extras
52957,Delhi Test
54585,AURIGENE DISCOVERY TECHNOLOGIES LIMITED
54575,SBI LIFE INSURANCE COMPANY LIMITED
52948,WAKEFIT INNOVATIONS PRIVATE LIMITED
